day,text,predicted_mood
monday,are you going to understand me or just like that,Normal
tuesday,I am feeling very sad today I don't know what to do I feel like dying,Normal
wednesday,I think I am sick I am sick of this life I want to die,Depression
thrusday,I wow I am very happy I feel so good,happy
friday,I am depressed my friends didn't wish me I think they all hate me,Normal
saturday,Kurre I completed my work I am happy wow it was so good,happy
sunday,what you doing,Normal
monday,hi I am 22 years old I am on a break with my girlfriend who is also my friend I don't know the three framed impossible for me to know whether we will share a happy time together,happy
monday,hello I am like to die I am going to die I am very depressed I am going to die,Normal
tuesday,I am I would like to end my life today I have a Insomnia and no one likes me I hate it here,Normal
monday,OK Google why can't you recognise me,Normal
tuesday,I am feeling very sad today I want to die,Normal
wednesday,today was the very today was very happiest day of my life,Normal
thrusday,hello how are you what are you doing,Normal
friday,I am going to end my life today I don't want to leave anymore,Normal
saturday,I am going to depression very fastly I am sad,Normal
sunday,I am depressed,Normal
monday,I lost my dad forever for 2 days ago and I am going in depression I am very sad I don't know what to do,Normal
tuesday,I feel like no one likes me I hate everyone here it it feels like everyone is trying to kill me,Normal
wednesday,I am all alone no one likes to talk to me I feel like I am going to die tomorrow it is very hard for me to continue living,Normal
thrusday,I can't stop overthinking about it I got up I had a breakup today and my boyfriend hits me,happy
friday,I want to die I am going to end my life now I think I hate myself I need to die I am going to do suicide,Normal
saturday,wow I am very happy today I am on cloud 9 I landed my first internship I am happy I am very happy,Normal
sunday,hey how are you what are you doing,Normal
monday,I hate myself I want to end my life,Suicidal
tuesday,I can't stop overthinking about it I had a very bad day today I had a broke up with my boyfriend,Normal
tuesday,I lost my dad today I am very sad,Depression
thrusday,I feel like no one likes me I hate everyone here it feels like everyone is going to kill me,Suicidal
saturday,wow I had a very good day I am so happy I am on Cloud Nine I am very happy,happy
sunday,hurry what you doing how are you,Normal
monday,"I am feeling very sad today I don't know what to do",Depression
tuesday,"I am very happy",happy
wednesday,"my dog died today I want to end my life I feel very sad I hate this I hate everyone",Suicidal
thrusday,"hey what are you doing are you coming to the party tomorrow",Normal
friday,"hello what are you doing are you listening to me this is not what I needed",Depression
saturday,"will you go to the temple with me",happy
sunday,"goodbye all this is my last day in this earth I am going to die today goodbye",Suicidal
sunday,"hello let's go to this when you it looks good",Normal
monday,"I am very happy today
","happy
"
